id,firstname,number,zipcode
100,Marcy,816,50159
101,Elvira,757,54156
102,Aurore,737,93872
103,Misha,409,56523
104,Xylina,683,49078
105,Joceline,574,67581
106,Nerta,111,70368
107,Ernesta,783,20484
108,Tera,816,72944
109,Evita,892,10945
110,Dorene,568,13068
111,Marita,964,97118
112,Betta,141,83003
113,Ariela,237,12241
114,Lauryn,787,80982
115,Hayley,809,21388
116,Peri,688,37683
117,Dania,517,71825
118,Leanna,131,29018
119,Karlee,881,18129
120,Isa,691,76636
121,Dagmar,670,23263
122,Vevay,383,98373
123,Gabriellia,718,64283
124,Tressa,986,56947
125,Bettine,595,28578
126,Sheelagh,564,18550
127,Gabi,775,38368
128,Danika,838,61925
129,Shel,307,67835
130,Hope,699,25637
131,Ketti,801,34871
132,Shaine,690,77243
133,Leia,834,99344
134,Edee,539,27057
135,Rayna,706,42340
136,Pearline,932,69992
137,Lorenza,681,40528
138,Nariko,534,63652
139,Marline,60,56058
140,Glenda,970,72777
141,Roxane,526,85354
142,Vanessa,626,35093
143,Daphne,943,62442
144,Lucille,335,56149
145,Teriann,165,37443
146,Nerta,665,11925
147,Carmela,765,72878
148,Aimil,158,33403
149,Nyssa,273,31117
150,Rori,2,29771
151,Barbi,110,29255
152,Ginnie,678,67850
153,Alia,646,97307
154,Gabriellia,100,45629
155,Annabela,125,43272
156,Christian,25,84044
157,Maryellen,654,39696
158,Sandie,426,75492
159,Marti,323,71327
160,Bill,151,17863
161,Carol-Jean,324,11985
162,Maye,399,85808
163,Sara-Ann,917,31339
164,Cyb,53,59251
165,Alameda,589,16815
166,Cassondra,232,71936
167,Sheelagh,597,10932
168,June,98,43625
169,Brianna,732,33156
170,Esmeralda,525,93065
171,Kassey,101,63132
172,Tabbatha,397,20167
173,Gloria,941,22076
174,Amii,585,77643
175,Roslyn,872,70339
176,Kalina,999,56328
177,Myriam,82,55791
178,Lisette,851,21568
179,Candi,135,95976
180,Dulce,486,80499
181,Sue,525,67962
182,Amelia,481,23803
183,Olwen,162,58672
184,Marika,609,11239
185,Lulita,128,78162
186,Jerry,484,73677
187,Mary,119,62996
188,Pearline,468,49991
189,Ida,151,52250
190,Sarette,195,29759
191,Wilma,135,92447
192,Magdalena,71,51975
193,Cissiee,798,73656
194,Micheline,763,12973
195,Gusella,936,46017
196,Zaria,839,50842
197,Jackie,571,14859
198,Zondra,523,49146
199,Stephanie,868,65081
200,Josephine,151,96505
201,Raina,956,95331
202,Danny,579,91874
203,Regina,733,66513
204,Lynea,693,15411
205,Carolina,643,18704
206,Glynnis,902,69088
207,Melanie,367,59030
208,Sue,713,87588
209,Therine,877,37173
210,Cordi,597,55313
211,Mady,584,46391
212,Joleen,505,83489
213,Nanete,16,62007
214,Camile,610,78952
215,Sue,465,90270
216,Sandie,711,11781
217,Evita,486,85380
218,Benita,662,19421
219,Celene,92,67972
220,Katharina,618,44569
221,Giustina,597,47547
222,Daune,136,92903
223,Karolina,120,10089
224,Sashenka,816,45704
225,Dania,834,13183
226,Starla,128,75418
227,Lita,917,59819
228,Almeta,54,72216
229,Elsie,377,71111
230,Misha,242,66344
231,Merci,305,55795
232,Shaylyn,463,80937
233,Winifred,71,32716
234,Gale,173,61841
235,Joleen,41,83347
236,Hannis,274,17697
237,Sophia,285,59174
238,Johna,914,71160
239,Hildegaard,856,85640
240,Letizia,274,96214
241,Allis,192,71738
242,Aigneis,514,11965
243,Jolyn,804,49009
244,Myrtice,645,82995
245,Daryl,102,81454
246,Myrtice,78,54294
247,Darci,189,57874
248,Roseline,511,28825
249,Helsa,955,65820
250,Justinn,572,61148
251,Ezmeralda,403,22836
252,Helsa,467,26186
253,Vere,800,88870
254,Tatiania,176,69601
255,Justinn,725,94592
256,Damaris,54,68711
257,Mathilda,91,25935
258,Sadie,323,46638
259,Nita,730,10433
260,Zondra,656,86093
261,Ulrike,223,50620
262,Desirae,405,36680
263,Marinna,595,20488
264,Viki,295,71969
265,Loree,146,60831
266,Glynnis,483,30850
267,Elsie,825,80929
268,Harrietta,417,54389
269,Berget,76,91768
270,Roxane,633,88563
271,Corina,121,25448
272,Joy,988,45094
273,Gavrielle,245,84215
274,Aryn,40,63274
275,Emma,396,20160
276,Rubie,144,60906
277,Nerta,363,32575
278,Babita,682,86068
279,Cherilyn,447,95041
280,Lanae,798,87572
281,Flory,75,23881
282,Ariela,547,32923
283,Ayn,115,44943
284,Carilyn,608,23515
285,Kellen,266,24213
286,Adriana,330,91270
287,Mary,72,34891
288,Augustine,923,43195
289,Dode,102,35168
290,Vita,460,82354
291,Tabbatha,30,77496
292,Shauna,718,45991
293,Tori,290,81151
294,Ginnie,282,62233
295,Selia,595,15158
296,Annabela,227,13240
297,Madalyn,537,63173
298,Evita,390,57364
299,Wileen,97,60154
300,Molli,329,23252
301,Dulce,63,10218
302,Clo,581,20833
303,Dolli,19,41096
304,Loree,12,32871
305,Kara-Lynn,927,14047
306,Sashenka,417,29426
307,Lesly,154,67891
308,Jean,372,90469
309,Korrie,357,33785
310,Carmencita,705,47991
311,Nananne,314,25685
312,Dorene,712,18624
313,Aili,189,86548
314,Cassandra,473,17114
315,Janeczka,696,41469
316,Kara-Lynn,218,89355
317,Deloria,405,93170
318,Ulrike,776,89098
319,Lesly,701,18958
320,Melisent,405,18371
321,Ericka,399,22861
322,Nariko,351,13474
323,Audrie,754,35693
324,Cristabel,361,64504
325,Isa,303,63771
326,Queenie,159,96585
327,Kara-Lynn,569,31728
328,Corene,979,27790
329,Tybie,470,22245
330,Nita,138,15531
331,Vivia,25,47349
332,Edyth,37,11969
333,Britte,144,67004
334,Renie,354,92085
335,Rayna,240,80794
336,Rochette,31,17654
337,Judy,111,52102
338,Tilly,326,77829
339,Cherilyn,470,98269
340,Atlanta,635,78122
341,Wynne,769,42647
342,Aili,318,48860
343,Gwyneth,267,24691
344,Marline,560,99682
345,Karina,103,95919
346,Ida,184,25750
347,Adore,43,87361
348,Tabbatha,590,37817
349,Florie,334,54612
350,Sindee,681,57432
351,Ketti,38,10008
352,Dede,222,26211
353,Maye,619,51601
354,Ileana,756,48390
355,Dari,4,33587
356,Karena,471,27849
357,Sandie,515,93784
358,Annaliese,815,85286
359,Nanete,774,32558
360,Carolina,828,27640
361,Bernardine,819,10277
362,Thalia,565,41975
363,Flo,935,35670
364,Orsola,843,89696
365,Catharine,862,45895
366,Hermione,462,52208
367,Tori,838,37690
368,Phylis,490,38076
369,Annecorinne,649,53593
370,Claresta,858,15224
371,Merry,801,42400
372,Sabina,897,95723
373,Tonia,897,91421
374,Jacquetta,390,28835
375,Britni,278,48160
376,Iseabal,662,14177
377,Maye,231,46817
378,Kore,153,53437
379,Evita,609,89031
380,Carilyn,234,48395
381,Caryl,481,31096
382,Ricky,523,61975
383,Leeanne,590,52614
384,Ulrike,142,21149
385,Rori,351,29823
386,Harmonia,486,43326
387,Annice,764,90939
388,Merci,983,26934
389,Yolane,973,40515
390,Hannis,724,94674
391,Fanchon,342,86250
392,Agnese,268,51942
393,Halette,941,20668
394,Marleah,102,44683
395,Orsola,904,73243
396,Tilly,878,59892
397,Heddie,410,70076
398,Cathyleen,297,18121
399,Shaine,839,22117
400,Amelia,530,87561
401,Nerta,259,59679
402,Fina,232,67770
403,Iseabal,762,88794
404,Mara,584,64942
405,Zsa Zsa,468,67560
406,Felice,548,52721
407,Violet,581,84391
408,Jessamyn,702,37097
409,Libbie,92,90635
410,Phylis,238,35345
411,Nickie,892,21911
412,Kore,217,66916
413,Althea,359,91019
414,Claresta,970,56901
415,Sara-Ann,676,20932
416,Jaime,526,97503
417,Brooks,959,32706
418,Annabela,727,59803
419,Catharine,275,69991
420,Mariann,559,50846
421,Demetris,948,63548
422,Oona,389,58294
423,Leeanne,381,71942
424,Cordi,285,60113
425,Lanna,695,49871
426,Fernande,983,87078
427,Cherrita,293,36732
428,Robbi,260,59733
429,Dode,941,25751
430,Mary,370,23772
431,Carmela,152,71074
432,Mallory,423,99554
433,Gerianna,183,27881
434,Fred,690,63093
435,Estell,782,74590
436,Regina,374,33750
437,Imojean,541,54370
438,Kaja,689,87489
439,Dorothy,820,43587
440,Felice,786,95031
441,Molli,960,30313
442,Penelopa,220,70186
443,Briney,212,28894
444,Sadie,634,50424
445,Lelah,796,55505
446,Dorothy,455,56873
447,Annice,207,66165
448,Correy,79,15486
449,Jere,115,65800
450,Ayn,613,39224
451,Daphne,149,51553
452,Aryn,787,83666
453,Tani,725,98282
454,Lynea,310,93472
455,Priscilla,529,96229
456,Fredericka,11,27242
457,Clementine,789,93098
458,Renae,96,79643
459,Sabina,609,60403
460,Fred,338,49432
461,Charissa,975,95374
462,Heida,881,13956
463,Dede,462,29800
464,Claresta,842,91776
465,Ellette,324,65757
466,Ginnie,983,99522
467,Carlie,603,16020
468,Rhoda,470,16068
469,Trudie,942,92109
470,Queenie,454,68136
471,Cindelyn,397,39492
472,Jemie,713,91123
473,Liana,147,89893
474,Rebeca,27,39069
475,Correy,686,51661
476,Nannie,159,35081
477,Verla,624,22814
478,Alisha,221,18803
479,Marcy,138,32852
480,Belinda,453,92052
481,Roslyn,677,62246
482,Cacilie,557,84330
483,Regina,150,10582
484,Kirstin,518,41145
485,Tybie,561,89528
486,Molli,27,37703
487,Dotty,129,55643
488,Alex,956,65820
489,Cyndie,472,67590
490,Courtnay,970,55188
491,Kathy,590,77828
492,Alia,962,18954
493,Anestassia,710,59885
494,Felice,536,95328
495,Deedee,294,59803
496,Mary,321,13974
497,Emma,821,78000
498,Coral,807,60751
499,Zondra,635,90603
500,Louella,558,64614
501,Amii,198,47502
502,Cindelyn,224,55017
503,Brianna,714,99678
504,Josephine,518,45777
505,Clo,161,45917
506,Elie,421,45684
507,Veda,95,12788
508,Taffy,456,28255
509,Jemie,295,32894
510,Brandise,572,12133
511,Alia,435,74422
512,Leeanne,244,74141
513,June,746,77988
514,Janenna,618,87853
515,Marguerite,855,30266
516,Ann-Marie,512,47389
517,Philis,464,11714
518,Karlee,175,54550
519,Laurene,578,20932
520,Daune,841,50557
521,Lulita,427,61032
522,Helsa,483,57846
523,Cacilie,531,43128
524,Millie,838,33523
525,Katharina,129,25686
526,Antonietta,36,16410
527,Loree,890,89387
528,Aigneis,687,51525
529,Jeanna,106,72036
530,Danny,454,79766
531,Sheelagh,919,97050
532,Aimil,996,77394
533,Mary,21,85876
534,Bertine,860,47415
535,Ingrid,735,88422
536,Wendi,191,76217
537,Clo,746,40549
538,Layla,607,80782
539,Coral,262,82638
540,Alie,283,61551
541,Paulita,741,29451
542,Leanna,606,91504
543,Joleen,702,31956
544,Mariele,673,67204
545,Evaleen,442,45258
546,Doro,998,36669
547,Yolane,142,33012
548,Ariela,379,95820
549,Tarra,490,85543
550,Karena,286,92274
551,Jinny,289,86731
552,Danika,334,75283
553,Mariele,163,41986
554,Jenilee,327,60210
555,Stacey,109,68172
556,Brianna,321,82322
557,Ericka,918,77202
558,Hayley,907,36270
559,Caritta,984,54956
560,Sashenka,911,66648
561,Riannon,183,98857
562,Maye,505,97726
563,Danny,537,92204
564,Danny,785,98602
565,Dione,824,87077
566,Lory,162,33766
567,Phylis,306,71062
568,Sharlene,884,36275
569,Nariko,355,80931
570,Linet,448,12766
571,Marylou,206,46676
572,Phedra,558,12373
573,Shauna,256,15914
574,Vivia,756,35639
575,Esmeralda,603,67573
576,Leona,222,63696
577,Marjie,371,65470
578,Tonia,953,68424
579,Dania,552,11632
580,Cherilyn,744,54598
581,Blinni,920,25693
582,Heddie,624,79649
583,Dawn,391,22287
584,Nita,668,10457
585,Aurore,898,83743
586,Edith,140,33388
587,Codie,887,86406
588,Camile,386,55138
589,Norine,384,64049
590,Britni,577,89643
591,Ann-Marie,571,35071
592,Sibella,965,78487
593,Verla,905,89108
594,Shel,638,81335
595,Hayley,363,29723
596,Ursulina,608,13639
597,Shannah,992,90634
598,Lucille,69,94707
599,Nadine,563,41621
600,Yetty,56,46724
601,Rayna,171,82636
602,Millie,960,66091
603,Clo,84,87475
604,Mary,719,56034
605,Candi,65,89121
606,Jany,221,36742
607,Pollyanna,861,96206
608,Roslyn,21,60225
609,Rhoda,769,90447
610,Janenna,567,34859
611,Lolita,587,40808
612,Jean,248,31949
613,Katleen,109,50415
614,Chere,168,40529
615,Melisent,867,85248
616,Raina,6,77156
617,Elvira,555,96569
618,Aubrie,477,19024
619,Gertrud,119,26487
620,Alameda,869,68990
621,Mireielle,255,37875
622,Tressa,377,45704
623,Gilda,234,97217
624,Lisette,798,85792
625,Reeba,479,78636
626,Selma,401,59884
627,Reeba,429,34502
628,Romona,638,94045
629,Collen,553,56945
630,Angelique,30,11072
631,Marinna,906,15892
632,Kary,3,61560
633,Robinia,117,72570
634,Susette,146,92802
635,Carree,912,85533
636,Queenie,683,16093
637,Celene,683,79023
638,Kayla,873,61377
639,Shaylyn,406,17081
640,Winny,400,13740
641,Dede,497,86701
642,Christy,724,45397
643,Sadie,675,38319
644,Julieta,403,11961
645,Fred,771,45855
646,Nyssa,236,51102
647,Tybie,626,63201
648,Ira,682,87610
649,Elena,358,28380
650,Inga,208,61219
651,Ronna,310,22989
652,Wynne,804,58172
653,Lizzie,425,94507
654,Penelopa,148,97727
655,Joceline,690,43342
656,Nadine,985,71283
657,Chrystel,613,66676
658,Tarra,302,65525
659,Eve,748,41997
660,Linzy,183,95919
661,Lelah,698,67501
662,Constance,973,15861
663,Christal,240,38392
664,Chloris,472,89693
665,Keelia,212,95335
666,Sheelagh,767,29406
667,Fina,865,41424
668,Kittie,715,30935
669,Marcy,511,94133
670,Betta,18,27983
671,Beatriz,755,18296
672,Lisette,82,65717
673,Leontine,371,87318
674,Brianna,360,83437
675,Shauna,533,99287
676,Nerta,135,48773
677,Marti,763,36060
678,Lynde,407,98844
679,Myriam,501,32766
680,Harrietta,216,57460
681,Robinia,454,53413
682,Thalia,825,48791
683,Bobbi,312,75336
684,Corene,62,28199
685,Philis,467,17165
686,Chere,376,50008
687,Ardenia,329,86242
688,Lynde,255,38647
689,Odessa,1000,31971
690,Bill,232,86845
691,Dorene,861,10075
692,Tabbatha,451,41085
693,Cyb,976,16005
694,Donnie,11,21312
695,Concettina,80,48508
696,Xylina,898,15175
697,Rosabelle,149,42282
698,Luci,612,34535
699,Sonni,769,93848
700,Tina,830,18753
701,Deedee,219,79915
702,Norine,504,87986
703,Kerrin,564,19328
704,Ekaterina,450,89452
705,Maud,434,93493
706,Bill,665,33566
707,Raf,515,64862
708,Sadie,425,91156
709,Catharine,542,79393
710,Ronna,294,90533
711,Katuscha,625,78534
712,Amelia,259,73815
713,Konstance,846,69140
714,Iseabal,912,50423
715,Janis,716,37944
716,Ivett,92,93094
717,Karena,850,63734
718,Mildrid,494,25605
719,Leontine,180,22483
720,Roseline,687,98910
721,Emma,808,52553
722,Kara-Lynn,549,62834
723,Collen,749,76424
724,Janey,220,43085
725,Molli,555,74527
726,Genovera,437,26310
727,Rhea,665,70620
728,Jordan,616,63777
729,Laure,899,68636
730,Yolane,176,82753
731,Ivett,78,15260
732,Hannis,503,70115
733,Dagmar,142,72020
734,Jobi,349,52172
735,Charlena,425,75389
736,Deedee,838,54575
737,Mady,801,28995
738,Lusa,26,62220
739,Eugine,983,32490
740,Teddie,200,91091
741,Marika,46,73373
742,Mureil,859,39641
743,Ardeen,585,67143
744,Belva,884,86914
745,Roz,513,44339
746,June,934,47999
747,Amii,241,22492
748,Clarice,4,77173
749,Michaelina,625,18345
750,Dede,185,50968
751,Deirdre,471,13757
752,Joane,581,82842
753,Nananne,837,31210
754,Elyssa,945,15289
755,Kary,614,57171
756,Sabina,882,26261
757,Sidoney,128,46884
758,Ofilia,992,88799
759,Ekaterina,673,70283
760,Tracey,214,34250
761,Alie,187,29890
762,Emylee,156,51897
763,Ursulina,488,66467
764,Ulrike,920,48666
765,Valeda,432,72309
766,Cassandra,185,82804
767,Paule,33,22753
768,Ida,316,34702
769,Tarra,803,73167
770,Nananne,335,68968
771,Ricky,449,26304
772,Brianna,926,15801
773,Cacilie,713,72227
774,Cherilyn,697,79224
775,Ursulina,511,57121
776,Sheelagh,986,40044
777,Deloria,601,80019
778,Corene,79,89264
779,Flory,499,94296
780,Elbertina,998,19913
781,Mureil,672,51591
782,Willetta,254,11313
783,Mariele,965,86012
784,Mara,840,98238
785,Camile,454,65642
786,Darci,730,81256
787,Nita,65,47126
788,Sarette,244,72498
789,Mathilda,80,38769
790,Lorenza,108,39299
791,Gui,204,56357
792,Leona,778,93574
793,Devina,524,54225
794,Nyssa,721,80417
795,Belinda,843,99378
796,Sue,695,84783
797,Cindelyn,795,22531
798,Ulrike,918,64347
799,Carlie,443,45846
800,Hollie,549,45668
801,Arlina,916,87545
802,Nonnah,439,91953
803,Basia,912,40486
804,Camile,383,88044
805,Merry,450,39794
806,Willetta,333,64862
807,Gloria,353,12579
808,Christy,135,56089
809,Tori,444,34089
810,Kimmy,310,40009
811,Roseline,190,74360
812,Melina,539,44071
813,Tina,858,16737
814,Concettina,256,52940
815,Gerianna,996,55022
816,Penelopa,866,14549
817,Rhea,620,90935
818,Michaelina,48,75665
819,Vita,398,60377
820,Hettie,819,10801
821,Merrie,471,63738
822,Edyth,503,28795
823,Maryellen,178,92371
824,Joy,456,57802
825,Sonni,491,22722
826,Vonny,367,80229
827,Elora,922,56937
828,Kathy,350,69256
829,Xylina,280,73397
830,Nickie,200,82134
831,Marita,245,72019
832,Annaliese,376,79402
833,Norine,836,17967
834,Loree,632,45892
835,Tiffie,125,25406
836,Natka,372,27385
837,Therine,432,77205
838,Dari,62,11897
839,Ursulina,514,60469
840,Jenda,254,14389
841,Ivett,246,87251
842,Dale,610,55503
843,Amara,496,54544
844,Frank,292,12706
845,Carilyn,420,62857
846,Myrtice,638,84028
847,Yolane,522,34487
848,Jennica,383,67438
849,Dorothy,618,87932
850,Feliza,52,14549
851,Kelly,152,31975
852,Cam,91,50998
853,Zaria,935,76282
854,Drucie,162,46088
855,Susette,138,11590
856,Randa,64,36162
857,Amelia,558,55635
858,Loree,971,81405
859,Emelina,560,10776
860,Wileen,619,64081
861,Eve,802,59181
862,Arabel,743,22113
863,Selia,321,64438
864,Nananne,736,11296
865,Roslyn,361,35320
866,Celestyna,549,17683
867,Gaylene,248,59890
868,Jenda,715,68106
869,Merry,319,98074
870,Dorthy,486,41411
871,Hollie,867,26722
872,Cathie,410,41695
873,Merry,74,62678
874,Nonnah,511,18158
875,Cathyleen,375,28242
876,Jinny,720,54398
877,Collen,527,29812
878,Dianemarie,286,48247
879,Siana,186,88880
880,Ira,614,49864
881,Rochette,431,58024
882,Sherrie,574,50670
883,Frances,322,37866
884,Paule,986,15195
885,Averyl,361,77304
886,Susan,920,26900
887,Gianina,723,90054
888,Rubie,629,23791
889,Carmencita,522,78134
890,Cyndie,449,88283
891,Gui,256,84637
892,Joane,816,21759
893,Judy,600,12899
894,Kial,723,10522
895,Leontine,291,18965
896,Veda,222,12954
897,Jorry,816,95013
898,Madeleine,890,93311
899,Ada,565,18817
900,Nerta,967,62633
901,Jorry,26,10224
902,Kittie,893,85186
903,Siana,772,69643
904,Talya,985,56588
905,Selma,413,16398
906,Consuela,595,77443
907,Olwen,339,83029
908,Valera,771,28891
909,Neila,983,81353
910,Ada,847,74280
911,Antonietta,559,45692
912,Stacey,840,39067
913,Lucille,754,69733
914,Fayre,214,54210
915,Paola,135,43723
916,Sean,103,14024
917,Meghann,293,86031
918,Rivalee,43,96665
919,Jordan,543,60753
920,Orelia,567,63089
921,Lulita,847,29203
922,Dominga,134,17802
923,Nollie,548,33323
924,Daune,92,58926
925,Modestia,937,93314
926,Sadie,270,57836
927,Amalie,34,29349
928,Brynna,646,93035
929,Caritta,743,20341
930,Ermengarde,748,47867
931,Lita,860,83010
932,Bobbi,81,56093
933,Karina,488,85065
934,Gabi,660,92711
935,Arlena,773,97669
936,Clary,504,50235
937,Claresta,207,28646
938,Tori,317,18786
939,Elora,54,31248
940,Lusa,597,38829
941,Lexine,150,45963
942,Rosene,321,43451
943,Sissy,610,83704
944,Kerrin,683,63931
945,Elora,599,18498
946,Adriana,768,37798
947,Roxane,307,69997
948,Regina,138,85092
949,Concettina,965,16215
950,Agathe,778,20901
951,Fidelia,791,73309
952,Vere,513,53280
953,Dotty,512,52943
954,Helena,83,11605
955,Kristan,922,44794
956,Chastity,894,62419
957,Hildegaard,353,85961
958,Cristine,109,84291
959,Lita,743,24518
960,Bobbi,524,27429
961,Cassandra,145,88657
962,Shell,23,65609
963,Karena,513,40982
964,Anestassia,721,71129
965,Blinni,212,76707
966,Robinia,53,41229
967,Lita,954,72294
968,Rosanne,385,12043
969,Maryellen,415,92599
970,Joleen,979,60632
971,Nadine,836,23364
972,Nyssa,234,64706
973,Calla,727,49924
974,Ottilie,516,66629
975,Karena,964,94037
976,Tera,573,82806
977,Almeta,749,27566
978,Nelle,32,95575
979,Benita,616,63722
980,Odessa,266,73682
981,Sonni,136,19340
982,Britte,512,13165
983,Orelia,295,58151
984,Sean,971,29672
985,Demetris,775,76621
986,Micheline,286,52316
987,Frank,978,81804
988,Maurene,83,92490
989,Tiffie,616,96562
990,Claudina,159,53449
991,Anestassia,854,20807
992,Devina,243,51869
993,Ida,862,35735
994,Karolina,649,35131
995,Lucille,617,20606
996,Lonnie,569,12466
997,Dorene,761,34778
998,Lolita,119,83787
999,Peri,386,85757
1000,Nanete,386,31422
1001,Elyssa,683,13620
1002,Ketti,885,44576
1003,Sharai,331,64064
1004,Deedee,407,28044
1005,Kelly,842,78135
1006,Glynnis,890,71029
1007,Millie,488,33347
1008,Ezmeralda,588,63047
1009,Loree,915,51230
1010,Jacenta,328,88040
1011,Gavrielle,501,52082
1012,Jillayne,635,29651
1013,Hermione,821,63193
1014,Gaylene,286,56785
1015,Britni,547,41973
1016,Cam,603,59938
1017,Blondelle,917,57565
1018,Dulcinea,822,26206
1019,Betta,9,84107
1020,Kathy,288,15610
1021,Dorothy,653,29848
1022,Sherrie,671,45178
1023,Eadie,354,91314
1024,Jsandye,809,65705
1025,Sharai,702,60390
1026,Regina,93,57466
1027,Nannie,535,75005
1028,Korrie,697,92591
1029,Karina,800,44630
1030,Tera,525,15094
1031,Concettina,781,70812
1032,Minda,667,22787
1033,Cathie,958,19545
1034,Kimberley,636,32266
1035,Keelia,184,18670
1036,Dede,772,82805
1037,Felice,35,23192
1038,Chickie,363,22826
1039,Madeleine,255,76718
1040,Viviene,873,65880
1041,Brena,393,79184
1042,Amara,503,10669
1043,Larine,132,10822
1044,Brynna,154,72081
1045,Blake,132,16485
1046,Anica,194,54335
1047,Chere,379,68200
1048,Feliza,41,11968
1049,Tilly,523,71963
1050,Averyl,572,64710
1051,Kimmy,917,99520
1052,Maisey,595,35189
1053,Goldie,413,16075
1054,Brynna,703,79226
1055,Eadie,708,57986
1056,Joane,829,26971
1057,Albertina,386,37605
1058,Kylynn,975,12590
1059,Blake,319,80935
1060,Aryn,758,53468
1061,Jinny,413,31736
1062,Nickie,233,14048
1063,Leanna,382,88684
1064,Annecorinne,78,24479
1065,Johna,947,67497
1066,Kaia,312,20487
1067,Brana,201,51862
1068,Calla,251,70052
1069,Bill,769,15234
1070,Halette,303,91757
1071,Carolina,642,33671
1072,Vere,703,27334
1073,Malina,541,25872
1074,Ruthe,386,18200
1075,Clarice,369,51244
1076,Paule,949,93083
1077,Lulita,175,33634
1078,Karlee,906,88804
1079,Malina,174,90406
1080,Fredericka,362,37768
1081,Cyb,609,38043
1082,Donetta,979,82657
1083,Talya,429,37762
1084,Kalina,185,59437
1085,Dianemarie,372,55240
1086,Kaia,654,87633
1087,Sharai,120,94092
1088,Gertrud,451,96450
1089,Lucille,829,61383
1090,Adele,563,11690
1091,Barbi,794,12496
1092,Harmonia,567,43066
1093,Alia,804,89969
1094,Fina,815,68258
1095,Modestia,147,70943
1096,Sadie,399,23068
1097,Taffy,663,51102
1098,Shaine,195,59770
1099,Selma,878,37315